Country,Year,General government revenue | Percent of GDP,General government total expenditure | National currency | Billions,Gross national savings | Percent of GDP,Total investment | Percent of GDP,Unemployment rate | Percent of total labor force,"Gross domestic product per capita, current prices | U.S. dollars | Units"
Albania,2000,26.066,169.596,23.768,30.796,16.8,1127.64
Albania,2001,25.848,184.163,28.703,34.989,16.44,1283.57
Albania,2002,25.323,192.517,25.056,35.264,15.751,1425.13
Albania,2003,24.674,201.152,26.156,33.897,15.0,1846.12
Albania,2004,24.992,222.439,28.359,34.197,14.4,2373.58
Albania,2005,25.434,232.339,27.784,36.87,14.1,2673.77
Albania,2006,25.928,254.762,29.59,35.698,13.8,2972.75
Albania,2007,26.13,282.987,23.837,34.462,13.4,3595.05
Albania,2008,26.842,342.86,17.569,33.374,13.1,4370.56
Albania,2009,26.093,373.832,16.654,32.641,13.8,4114.09
Albania,2010,25.867,364.29,20.023,31.318,14.0,4097.83
Albania,2011,25.407,376.183,20.254,33.462,14.0,4439.89
Albania,2012,24.789,376.241,19.674,29.824,13.4,4248.91
Albania,2013,23.978,394.117,16.827,27.491,15.9,4415.6
Albania,2014,26.272,442.718,13.361,27.288,17.5,4584.92
Albania,2015,26.44,441.161,15.804,26.237,17.1,3953.61
Albania,2016,28.419,429.073,16.796,25.47,15.2,4124.41
Albania,2017,27.756,451.989,17.085,24.671,13.7,4525.89
Albania,2018,27.474,471.407,17.129,24.34,12.3,5254.46
Albania,2019,27.414,493.241,14.879,22.79,11.47,5305.07
Belgium,2000,49.319,126.646,26.203,23.783,6.858,23136.51
Belgium,2001,49.612,130.527,24.126,22.634,6.567,23067.16
Belgium,2002,49.86,136.364,25.249,20.748,7.525,25044.33
Belgium,2003,49.183,143.545,24.362,20.964,8.175,30707.67
Belgium,2004,49.08,146.388,25.765,22.667,8.383,35497.55
Belgium,2005,49.147,160.792,25.676,23.681,8.475,36945.5
Belgium,2006,49.029,158.639,25.821,23.97,8.267,38841.79
Belgium,2007,48.629,166.871,26.099,24.603,7.492,44496.79
Belgium,2008,49.68,178.599,24.931,25.937,6.967,48493.14
Belgium,2009,49.25,189.454,23.831,22.173,7.908,44892.23
Belgium,2010,49.791,195.654,24.751,23.127,8.317,44448.17
Belgium,2011,50.974,207.927,22.568,24.507,7.15,47564.38
Belgium,2012,52.159,218.102,23.609,23.69,7.558,44824.16
Belgium,2013,52.987,220.47,23.383,22.428,8.45,46848.61
Belgium,2014,52.544,224.069,23.908,23.136,8.542,47897.04
Belgium,2015,51.306,223.851,25.011,23.628,8.508,41147.26
Belgium,2016,50.755,228.451,24.804,24.252,7.842,42076.4
Belgium,2017,51.348,231.567,25.15,24.451,7.108,44274.07
Belgium,2018,51.379,240.319,24.691,25.486,5.983,47718.41
Belgium,2019,50.179,248.101,25.328,24.979,5.375,46555.09
Bulgaria,2000,36.525,10.443,15.942,19.046,18.134,1625.32
Bulgaria,2001,35.897,11.303,17.727,21.351,17.514,1797.39
Bulgaria,2002,34.46,11.949,19.906,20.529,17.416,2090.68
Bulgaria,2003,35.767,13.103,18.699,22.074,13.857,2710.58
Bulgaria,2004,36.204,14.26,19.162,23.433,12.192,3370.38
Bulgaria,2005,36.22,16.002,18.329,27.74,10.177,3869.59
Bulgaria,2006,35.722,17.423,16.793,32.056,9.022,4477.03
Bulgaria,2007,36.223,21.026,9.755,33.627,6.935,5811.85
Bulgaria,2008,36.212,24.369,14.98,36.953,5.664,7156.18
Bulgaria,2009,32.916,24.714,20.241,28.538,6.878,6878.06
Bulgaria,2010,30.972,25.877,20.925,22.655,10.306,6713.33
Bulgaria,2011,30.274,25.923,21.797,21.467,11.35,7832.19
Bulgaria,2012,32.242,26.874,21.144,21.995,12.379,7417.27
Bulgaria,2013,33.841,29.175,22.361,21.083,13.038,7675.91
Bulgaria,2014,33.533,31.202,22.812,21.575,11.524,7900.7
Bulgaria,2015,34.636,33.437,21.049,21.049,9.233,7079.78
Bulgaria,2016,34.343,31.203,22.074,19.006,7.666,7575.77
Bulgaria,2017,32.96,32.888,23.2,19.882,6.23,8381.99
Bulgaria,2018,34.504,37.73,22.204,21.257,5.273,9470.58
Bulgaria,2019,35.077,43.165,22.938,21.107,4.275,9863.02
Canada,2000,43.197,448.596,23.161,20.614,6.833,24296.72
Canada,2001,41.632,470.432,21.885,19.671,7.225,23859.71
Canada,2002,40.16,482.179,21.471,19.739,7.667,24279.19
Canada,2003,40.149,505.358,21.699,20.467,7.583,28338.75
Canada,2004,39.902,522.734,23.729,21.383,7.15,32176.59
Canada,2005,40.074,547.605,24.561,22.632,6.767,36439.62
Canada,2006,40.488,578.599,25.038,23.595,6.325,40558.9
Canada,2007,40.339,607.7,24.732,23.908,6.075,44716.99
Canada,2008,38.96,642.524,24.221,24.072,6.2,46773.84
Canada,2009,39.539,682.285,19.05,21.959,8.375,40990.63
Canada,2010,38.326,717.466,19.918,23.482,8.075,47627.35
Canada,2011,38.267,737.571,21.438,24.151,7.55,52285.94
Canada,2012,38.402,747.804,21.337,24.868,7.375,52744.0
Canada,2013,38.466,760.152,21.766,24.908,7.133,52708.61
Canada,2014,38.545,765.452,22.551,24.871,6.967,51020.84
Canada,2015,39.957,796.543,20.326,23.822,6.942,43626.47
Canada,2016,40.3,825.471,19.673,22.761,7.05,42382.64
Canada,2017,40.343,866.005,20.748,23.55,6.383,45191.96
Canada,2018,41.142,911.795,20.86,23.2,5.908,46532.17
Canada,2019,41.495,946.369,20.938,22.988,5.733,46399.71
Croatia,2000,42.032,85.124,18.771,20.211,20.592,4938.11
Croatia,2001,40.451,88.859,19.259,21.438,21.508,5355.37
Croatia,2002,47.437,107.071,18.379,24.723,21.783,6228.62
Croatia,2003,45.531,116.393,19.067,28.129,19.067,8054.46
Croatia,2004,43.875,122.571,20.909,26.9,17.783,9368.62
Croatia,2005,43.267,126.701,19.752,26.996,17.583,10215.39
Croatia,2006,43.381,136.918,21.398,29.189,16.525,11356.45
Croatia,2007,43.412,147.098,21.24,29.062,14.733,13542.21
Croatia,2008,43.038,158.967,20.216,30.734,13.033,15839.94
Croatia,2009,42.828,161.669,18.59,25.155,14.517,14134.16
Croatia,2010,42.001,159.628,18.957,21.11,17.167,13562.42
Croatia,2011,40.934,163.167,18.241,19.94,17.367,14608.2
Croatia,2012,42.902,159.706,17.019,18.809,18.6,13257.02
Croatia,2013,42.841,159.817,18.331,19.391,19.808,13673.37
Croatia,2014,43.482,161.479,19.206,18.946,19.275,13600.79
Croatia,2015,45.44,165.208,23.905,20.607,17.067,11780.6
Croatia,2016,46.601,166.535,23.223,21.022,14.958,12362.59
Croatia,2017,46.119,166.452,25.466,21.996,12.433,13450.09
Croatia,2018,46.314,177.59,25.26,23.44,9.858,15013.37
Croatia,2019,47.462,189.743,25.687,22.648,7.758,14945.18
Czech Republic,2000,37.271,974.727,27.551,31.946,8.757,6015.07
Czech Republic,2001,37.55,1117.02,27.294,32.121,8.113,6627.1
Czech Republic,2002,38.307,1201.74,25.549,30.617,7.27,8056.32
Czech Republic,2003,42.261,1386.86,24.005,29.694,7.77,9823.29
Czech Republic,2004,39.955,1303.25,26.309,30.025,8.344,11751.9
Czech Republic,2005,39.343,1392.1,27.459,29.551,7.932,13446.94
Czech Republic,2006,39.31,1463.92,27.929,30.383,7.128,15284.67
Czech Republic,2007,39.794,1560.75,27.805,32.394,5.306,18527.74
Czech Republic,2008,38.904,1652.26,29.47,31.331,4.377,22925.75
Czech Republic,2009,38.946,1754.03,24.545,26.801,6.703,19908.15
Czech Republic,2010,39.478,1742.09,23.809,27.36,7.284,19983.58
Czech Republic,2011,40.487,1754.42,25.103,27.191,6.708,21890.78
Czech Republic,2012,40.778,1826.73,24.811,26.36,6.975,19880.9
Czech Republic,2013,41.366,1766.92,24.487,25.013,6.949,20129.62
Czech Republic,2014,40.547,1852.26,26.191,26.01,6.111,19915.38
Czech Republic,2015,41.29,1939.61,28.432,27.983,5.021,17842.87
Czech Republic,2016,40.463,1906.81,27.8,26.024,3.946,18597.21
Czech Republic,2017,40.481,1992.17,27.919,26.372,2.89,20666.67
Czech Republic,2018,41.516,2196.48,27.648,27.202,2.243,23463.6
Czech Republic,2019,41.368,2377.48,27.943,27.613,2.001,23709.18
Denmark,2000,54.574,699.107,24.341,22.352,4.317,30798.72
Denmark,2001,53.978,724.679,25.471,21.825,4.508,30806.61
Denmark,2002,53.199,750.466,24.343,21.343,4.642,33275.56
Denmark,2003,53.506,770.664,24.853,20.922,5.433,40512.05
Denmark,2004,55.071,798.141,25.736,21.691,5.517,46571.28
Denmark,2005,56.197,812.682,26.399,22.206,4.8,48872.1
Denmark,2006,54.817,838.266,27.623,24.298,3.9,52121.25
Denmark,2007,54.612,862.318,26.725,25.278,3.775,58641.19
Denmark,2008,53.585,908.135,26.901,23.984,3.708,64531.12
Denmark,2009,53.738,973.636,22.554,19.088,6.383,58286.54
Denmark,2010,53.963,1026.31,24.639,18.076,7.75,58177.16
Denmark,2011,54.374,1042.17,25.713,19.127,7.767,61864.09
Denmark,2012,54.464,1098.25,25.748,19.466,7.808,58623.41
Denmark,2013,54.585,1077.15,27.45,19.691,7.383,61325.58
Denmark,2014,56.362,1093.95,29.015,20.091,6.85,62729.5
Denmark,2015,53.198,1110.38,28.876,20.631,6.292,53478.5
Denmark,2016,52.373,1106.15,29.549,21.775,6.017,54862.85
Denmark,2017,52.336,1108.53,30.062,22.053,5.817,57772.55
Denmark,2018,51.309,1139.01,29.881,22.599,5.117,61724.49
Denmark,2019,53.581,1147.82,30.717,21.964,5.042,59861.61
Estonia,2000,36.289,2.244,23.08,28.49,14.602,4084.94
Estonia,2001,35.145,2.443,22.487,29.588,13.009,4516.22
Estonia,2002,36.276,2.806,21.885,32.952,11.227,5358.42
Estonia,2003,36.83,3.064,22.388,35.258,10.342,7216.27
Estonia,2004,36.453,3.33,22.741,34.663,10.14,8923.19
Estonia,2005,34.843,3.825,24.682,33.361,8.031,10426.69
Estonia,2006,36.326,4.537,24.958,39.885,5.912,12657.06
Estonia,2007,36.477,5.533,25.148,40.008,4.592,16764.94
Estonia,2008,36.802,6.556,22.991,31.648,5.455,18273.3
Estonia,2009,43.661,6.48,23.568,21.018,13.549,14756.39
Estonia,2010,40.464,5.937,23.479,21.696,16.707,14696.81
Estonia,2011,38.511,6.241,26.995,25.679,12.325,17484.73
Estonia,2012,38.958,7.032,27.506,29.403,10.023,17414.24
Estonia,2013,38.605,7.266,27.434,27.142,8.628,19056.28
Estonia,2014,38.472,7.571,27.766,27.05,7.351,20253.97
Estonia,2015,39.669,8.155,26.714,24.94,6.185,17403.81
Estonia,2016,38.985,8.568,26.29,25.059,6.758,18290.29
Estonia,2017,38.506,9.349,28.611,26.32,5.763,20430.57
Estonia,2018,38.91,10.176,27.837,26.913,5.371,23074.04
Estonia,2019,39.985,10.945,28.07,26.075,4.448,23400.47
France,2000,50.334,763.723,23.588,22.488,9.175,23149.27
France,2001,50.339,795.531,23.74,22.165,8.458,23229.18
France,2002,49.635,838.298,22.464,21.316,8.275,25058.79
France,2003,49.255,868.664,22.022,21.186,8.517,30628.86
France,2004,49.394,902.872,22.422,21.89,8.858,34980.08
France,2005,49.939,941.123,22.556,22.453,8.892,36000.92
France,2006,50.432,977.223,23.491,23.238,8.842,37762.46
France,2007,49.929,1020.49,24.063,24.165,8.017,42998.45
France,2008,50.033,1061.87,23.433,24.13,7.475,46927.31
France,2009,49.977,1106.7,20.783,21.333,9.075,43079.37
France,2010,49.995,1134.96,21.317,21.946,9.267,42100.29
France,2011,51.136,1158.67,22.361,23.221,9.225,45378.3
France,2012,52.126,1192.86,21.662,22.627,9.767,42348.74
France,2013,53.144,1211.62,21.777,22.287,10.308,44130.83
France,2014,53.309,1229.96,21.754,22.71,10.258,44545.72
France,2015,53.172,1248.66,22.344,22.712,10.35,37918.77
France,2016,53.049,1266.44,22.123,22.609,10.05,38332.68
France,2017,53.545,1298.02,22.67,23.436,9.442,40053.62
France,2018,53.356,1315.05,23.026,23.857,9.0,43021.38
France,2019,52.287,1349.28,24.074,24.365,8.408,41989.67
Germany,2000,46.173,1007.25,22.726,24.487,7.95,23924.88
Germany,2001,44.391,1030.14,22.592,22.96,7.8,23869.77
Germany,2002,43.997,1052.27,22.667,20.776,8.6,25460.33
Germany,2003,44.6,1068.28,21.851,20.437,9.708,30668.85
Germany,2004,43.457,1058.67,24.359,19.839,10.333,34534.81
Germany,2005,43.501,1071.41,24.159,19.485,11.008,35020.2
Germany,2006,43.582,1078.9,26.343,20.571,10.042,36894.47
Germany,2007,43.659,1084.75,28.241,21.38,8.542,42299.86
Germany,2008,44.083,1125.54,27.138,21.446,7.425,46367.86
Germany,2009,45.05,1178.85,24.393,18.556,7.642,42338.84
Germany,2010,43.763,1234.54,25.81,20.066,6.967,42379.71
Germany,2011,44.357,1218.52,27.848,21.635,5.833,46697.38
Germany,2012,44.927,1233.14,26.845,19.716,5.383,43883.39
Germany,2013,44.984,1263.54,26.611,20.054,5.242,46299.37
Germany,2014,44.883,1296.94,27.575,20.37,4.992,48035.8
Germany,2015,45.102,1335.79,28.344,19.743,4.633,41107.22
Germany,2016,45.514,1390.37,28.475,19.967,4.133,42124.45
Germany,2017,45.511,1443.27,28.765,20.962,3.758,44636.7
Germany,2018,46.239,1492.81,29.748,21.905,3.4,47995.38
Germany,2019,46.462,1562.7,29.587,22.141,3.15,46800.18
Greece,2000,42.723,65.575,13.974,19.951,11.35,12164.72
Greece,2001,40.865,69.988,13.732,20.677,10.775,12473.29
Greece,2002,40.111,74.86,12.769,19.076,10.35,14065.79
Greece,2003,39.091,83.355,11.846,18.196,9.775,18378.28
Greece,2004,39.117,92.237,14.894,20.473,10.6,21829.5
Greece,2005,39.709,90.778,8.71,16.119,10.0,22417.64
Greece,2006,39.504,98.292,4.545,15.498,9.0,24648.87
Greece,2007,40.706,109.528,7.385,21.424,8.4,28656.23
Greece,2008,41.016,123.041,5.915,20.52,7.75,31902.01
Greece,2009,39.268,128.469,15.439,26.401,9.6,29577.64
Greece,2010,41.665,118.69,7.944,17.986,12.725,26743.4
Greece,2011,44.653,112.064,3.882,14.031,17.85,25437.01
Greece,2012,46.951,101.161,9.654,12.124,24.425,21845.97
Greece,2013,48.302,93.552,9.397,11.962,27.475,21679.67
Greece,2014,46.559,89.913,9.541,11.903,26.5,21567.97
Greece,2015,48.217,90.233,10.591,12.097,24.9,17997.4
Greece,2016,50.327,87.144,10.443,12.82,23.55,17879.71
Greece,2017,49.338,85.793,9.841,12.412,21.45,18578.29
Greece,2018,49.259,87.083,9.766,13.337,19.3,19769.33
Greece,2019,48.004,87.63,10.456,12.689,17.325,19147.46
Hungary,2000,44.125,6283.34,21.094,27.961,6.433,4619.29
Hungary,2001,43.109,7262.62,20.656,26.124,5.74,5269.61
Hungary,2002,42.04,8870.48,18.361,25.495,5.843,6644.61
Hungary,2003,41.836,9366.77,16.343,24.5,5.901,8410.77
Hungary,2004,42.148,10218.73,18.097,26.774,6.122,10275.77
Hungary,2005,41.57,11129.68,18.115,25.214,6.8,11188.45
Hungary,2006,42.018,12469.46,18.543,25.694,7.075,11469.41
Hungary,2007,44.716,12785.95,17.023,24.181,7.0,13904.83
Hungary,2008,44.811,13180.2,17.417,24.51,7.468,15742.79
Hungary,2009,45.708,13298.47,19.538,20.148,9.681,13035.62
Hungary,2010,44.473,13416.29,20.754,20.367,10.801,13173.21
Hungary,2011,43.906,14001.01,20.857,20.174,10.655,14195.85
Hungary,2012,46.915,14241.94,20.884,19.181,10.668,12935.51
Hungary,2013,47.56,15194.73,24.423,20.81,9.849,13665.53
Hungary,2014,47.361,16417.39,24.593,23.276,7.511,14251.8
Hungary,2015,48.414,17615.37,25.557,23.076,6.626,12690.17
Hungary,2016,45.049,16943.72,25.644,21.015,4.971,13069.23
Hungary,2017,44.065,18242.25,24.807,22.625,4.041,14590.9
Hungary,2018,43.79,19891.9,26.916,26.455,3.596,16407.35
Hungary,2019,43.635,21724.76,27.586,27.871,3.309,16729.13
Iceland,2000,46.272,318.067,14.735,24.932,2.178,32344.36
Iceland,2001,47.139,380.433,18.646,22.901,2.335,29061.34
Iceland,2002,43.183,388.27,21.019,19.81,3.076,32516.44
Iceland,2003,45.468,419.009,16.404,21.292,3.525,39620.41
Iceland,2004,46.973,453.053,14.797,24.845,3.417,47579.94
Iceland,2005,50.005,477.628,13.163,28.871,2.883,57405.56
Iceland,2006,51.288,549.592,13.361,36.072,3.2,58238.89
Iceland,2007,50.346,620.62,15.999,29.575,2.492,70375.33
Iceland,2008,51.248,1007.6,5.23,26.021,3.325,57296.25
Iceland,2009,44.998,871.377,6.41,15.323,8.008,41188.91
Iceland,2010,42.132,820.241,7.814,13.909,8.317,43293.02
Iceland,2011,44.006,891.961,10.856,15.583,7.7,47798.81
Iceland,2012,45.108,880.735,12.436,16.016,6.617,46159.8
Iceland,2013,44.719,905.604,21.722,15.47,5.833,50100.08
Iceland,2014,46.122,956.124,21.627,17.224,5.417,54864.16
Iceland,2015,43.078,1004.61,25.03,19.404,4.5,53227.63
Iceland,2016,58.987,1166.53,29.181,21.084,3.342,62530.42
Iceland,2017,45.364,1173.28,25.962,21.741,3.283,73085.13
Iceland,2018,44.75,1247.07,25.808,22.272,3.1,75382.6
Iceland,2019,41.798,1320.25,27.027,21.197,3.925,69631.27
Italy,2000,44.112,577.746,20.592,20.865,10.1,20153.07
Italy,2001,44.149,617.372,20.998,20.843,9.1,20505.91
Italy,2002,43.831,630.568,21.073,21.571,8.608,22386.26
Italy,2003,43.957,657.939,20.392,21.179,8.45,27580.46
Italy,2004,43.401,680.842,20.781,21.262,8.033,31342.81
Italy,2005,43.159,705.62,20.286,21.169,7.75,32031.43
Italy,2006,44.177,742.085,20.482,21.958,6.867,33448.09
Italy,2007,45.443,755.481,20.879,22.246,6.208,37828.36
Italy,2008,45.27,783.371,18.984,21.779,6.783,40818.99
Italy,2009,45.99,806.15,17.624,19.509,7.867,36982.81
Italy,2010,45.688,804.476,17.285,20.58,8.5,35815.62
Italy,2011,45.581,810.766,17.643,20.468,8.6,38276.03
Italy,2012,47.645,821.764,17.559,17.789,10.908,34743.73
Italy,2013,48.097,821.721,18.001,16.892,12.35,35534.99
Italy,2014,47.901,827.625,18.858,16.959,12.808,35836.18
Italy,2015,47.765,832.927,18.529,17.107,12.033,30463.7
Italy,2016,46.674,832.265,20.156,17.561,11.733,31190.79
Italy,2017,46.344,846.807,20.632,18.054,11.325,32648.76
Italy,2018,46.203,857.152,21.04,18.529,10.692,34921.01
Italy,2019,47.076,871.003,21.216,18.011,10.0,33521.34
Latvia,2000,33.662,2.481,19.969,24.678,14.342,3339.15
Latvia,2001,32.36,2.563,20.579,28.098,13.483,3549.0
Latvia,2002,31.76,2.877,21.596,28.075,12.492,4115.58
Latvia,2003,31.358,3.148,22.323,30.111,11.642,5111.94
Latvia,2004,32.417,3.699,21.132,33.399,11.75,6327.98
Latvia,2005,33.412,4.692,23.619,35.433,10.05,7550.18
Latvia,2006,33.3,5.792,19.226,40.044,7.042,9666.81
Latvia,2007,33.583,7.478,21.197,41.892,6.058,14057.16
Latvia,2008,33.315,8.916,23.28,35.573,7.742,16390.27
Latvia,2009,35.583,8.056,30.436,22.751,17.567,12199.67
Latvia,2010,36.372,7.718,22.388,20.685,19.475,11276.11
Latvia,2011,35.451,7.883,23.376,26.673,16.208,13809.19
Latvia,2012,37.083,8.137,23.567,27.273,15.048,13862.39
Latvia,2013,36.488,8.492,22.294,25.064,11.868,15041.85
Latvia,2014,36.134,8.93,22.454,24.076,10.847,15678.08
Latvia,2015,35.889,9.188,23.246,23.84,9.875,13722.08
Latvia,2016,35.746,9.165,22.828,21.247,9.642,14253.04
Latvia,2017,35.696,9.846,23.401,22.144,8.715,15613.44
Latvia,2018,37.344,11.098,23.475,23.763,7.415,17799.83
Latvia,2019,37.521,11.531,21.738,22.386,6.311,17739.47
Lithuania,2000,31.925,4.795,13.257,18.833,16.375,3293.31
Lithuania,2001,31.459,4.973,14.538,19.089,17.362,3525.85
Lithuania,2002,31.416,5.042,15.574,20.809,13.737,4140.73
Lithuania,2003,30.833,5.345,15.122,21.969,12.441,5499.48
Lithuania,2004,31.696,6.054,15.115,22.888,10.884,6699.37
Lithuania,2005,32.955,7.02,16.989,24.266,8.324,7860.18
Lithuania,2006,33.323,8.123,16.039,26.947,5.778,9236.62
Lithuania,2007,33.483,10.004,16.812,32.309,4.248,12305.92
Lithuania,2008,33.809,12.11,14.503,28.124,5.827,15017.56
Lithuania,2009,34.369,11.757,14.089,12.657,13.787,11848.2
Lithuania,2010,34.301,11.55,16.851,18.126,17.814,12009.03
Lithuania,2011,32.517,12.981,17.417,21.962,15.39,14393.27
Lithuania,2012,32.01,11.744,18.353,19.76,13.366,14376.0
Lithuania,2013,32.021,12.136,20.359,19.526,11.77,15734.38
Lithuania,2014,33.351,12.443,22.787,19.623,10.699,16577.33
Lithuania,2015,34.191,12.847,18.459,21.27,9.119,14265.41
Lithuania,2016,33.557,12.95,18.389,19.208,7.861,15004.19
Lithuania,2017,32.856,13.698,19.788,19.195,7.073,16879.45
Lithuania,2018,33.767,15.089,20.571,20.276,6.146,19184.84
Lithuania,2019,34.108,16.518,20.809,17.465,6.254,19557.39
Netherlands,2000,42.542,187.024,24.308,22.57,3.66,26327.87
Netherlands,2001,41.646,202.975,24.992,22.718,3.137,26996.17
Netherlands,2002,40.66,214.434,23.338,21.009,3.665,29401.98
Netherlands,2003,40.568,224.151,25.643,20.488,4.833,35814.27
Netherlands,2004,40.803,225.627,27.882,20.321,5.665,40477.3
Netherlands,2005,41.023,228.17,27.501,20.454,5.882,42054.88
Netherlands,2006,42.234,246.299,30.109,21.024,5.014,44936.01
Netherlands,2007,41.453,257.234,30.235,23.349,4.161,51880.38
Netherlands,2008,42.539,274.007,27.297,22.331,3.663,58015.4
Netherlands,2009,41.663,292.11,26.136,20.721,4.359,52807.45
Netherlands,2010,41.794,300.672,27.156,20.222,4.995,51165.82
Netherlands,2011,41.528,298.875,28.575,20.04,4.984,54342.11
Netherlands,2012,42.024,299.989,28.919,18.725,5.832,50175.56
Netherlands,2013,42.767,301.804,28.261,18.51,7.257,52276.99
Netherlands,2014,42.774,301.707,26.085,17.913,7.434,53026.48
Netherlands,2015,41.778,302.242,28.778,22.475,6.891,45302.8
Netherlands,2016,42.807,303.072,28.555,20.488,6.024,46165.18
Netherlands,2017,42.917,307.486,31.42,20.593,4.854,48799.87
Netherlands,2018,42.866,321.166,31.799,20.958,3.839,53224.69
Netherlands,2019,43.583,334.234,31.467,22.096,3.39,52672.5
Norway,2000,56.442,623.665,36.367,21.832,3.426,38047.95
Norway,2001,56.484,676.97,36.22,20.61,3.546,38494.69
Norway,2002,55.282,721.842,32.622,20.471,3.889,42997.96
Norway,2003,54.964,773.77,31.433,19.576,4.494,50046.34
Norway,2004,55.733,800.161,33.961,21.688,4.471,57512.22
Norway,2005,56.694,834.41,38.65,22.618,4.616,66687.76
Norway,2006,58.574,900.626,40.306,24.175,3.444,73970.24
Norway,2007,58.249,967.186,39.381,27.369,2.539,84915.64
Norway,2008,58.621,1042.52,41.582,26.148,2.747,96563.22
Norway,2009,56.045,1112.37,35.309,24.724,3.266,79746.89
Norway,2010,55.635,1158.7,36.282,25.425,3.794,87356.19
Norway,2011,56.881,1215.73,38.291,25.903,3.364,100197.17
Norway,2012,56.435,1264.84,39.016,26.403,3.294,101129.91
Norway,2013,54.393,1342.89,38.168,27.841,3.773,102576.68
Norway,2014,54.15,1429.93,38.626,27.771,3.617,96657.58
Norway,2015,54.52,1508.85,35.521,27.476,4.531,74115.16
Norway,2016,54.755,1570.75,32.558,28.092,4.74,70223.82
Norway,2017,54.639,1635.85,33.31,27.822,4.216,75306.67
Norway,2018,55.81,1706.7,36.011,28.048,3.854,82082.12
Norway,2019,56.844,1800.07,32.547,29.689,3.728,75700.22
Poland,2000,39.025,322.045,18.774,24.494,16.087,4485.06
Poland,2001,40.106,351.486,17.614,20.463,18.242,4987.86
Poland,2002,40.373,368.265,18.409,18.409,19.934,5205.52
Poland,2003,39.537,387.494,18.805,18.805,19.643,5699.56
Poland,2004,38.609,406.789,14.501,20.23,18.974,6684.68
Poland,2005,40.298,438.17,17.0,19.888,17.745,8023.92
Poland,2006,40.912,475.378,17.354,21.678,13.843,9031.8
Poland,2007,41.018,509.445,18.498,25.196,9.604,11252.86
Poland,2008,40.566,567.861,17.658,24.649,7.119,13999.5
Poland,2009,37.762,617.599,16.339,20.56,8.169,11532.28
Poland,2010,38.445,663.318,15.95,21.506,9.635,12619.62
Poland,2011,39.119,690.054,17.288,22.653,9.632,13879.53
Poland,2012,39.354,700.438,17.202,21.253,10.088,13096.89
Poland,2013,38.752,707.719,17.436,19.253,10.328,13688.36
Poland,2014,38.994,729.664,18.036,20.656,8.988,14272.29
Poland,2015,39.079,750.623,19.685,20.595,7.499,12563.61
Poland,2016,38.721,766.022,18.911,19.698,6.161,12438.52
Poland,2017,39.785,821.24,19.539,19.911,4.888,13868.91
Poland,2018,41.294,881.199,19.484,20.765,3.846,15468.26
Poland,2019,41.083,957.918,20.217,19.726,3.277,15726.88
Portugal,2000,39.445,55.021,17.924,28.777,4.717,11531.47
Portugal,2001,39.34,59.913,18.039,28.158,4.801,11734.88
Portugal,2002,40.4,62.987,17.315,25.904,5.779,12927.58
Portugal,2003,39.711,66.217,16.451,23.115,7.038,15793.85
Portugal,2004,40.049,70.071,15.595,23.824,7.392,18055.89
Portugal,2005,40.633,74.115,13.593,23.359,8.343,18790.56
Portugal,2006,41.065,75.076,12.929,22.926,8.408,19840.47
Portugal,2007,41.614,78.184,13.395,23.1,8.722,22813.67
Portugal,2008,41.641,81.206,11.416,23.579,8.315,24946.26
Portugal,2009,40.35,88.099,10.955,20.843,10.177,23126.18
Portugal,2010,40.5,93.216,10.738,21.126,11.506,22539.04
Portugal,2011,42.36,88.088,13.443,18.598,13.445,23213.13
Portugal,2012,42.709,82.278,13.909,15.702,16.516,20576.83
Portugal,2013,44.817,85.112,15.46,14.632,17.092,21653.51
Portugal,2014,44.379,89.448,15.024,15.317,14.535,22109.32
Portugal,2015,43.799,86.623,15.125,15.855,12.939,19252.02
Portugal,2016,42.902,83.616,16.004,15.833,11.452,19986.36
Portugal,2017,42.412,88.897,17.646,17.227,9.151,21482.83
Portugal,2018,42.891,88.722,17.779,18.29,7.194,23573.29
Portugal,2019,42.524,90.984,18.717,18.493,6.636,23333.32
Romania,2000,31.048,28.335,19.401,19.67,7.648,1661.71
Romania,2001,29.963,38.932,19.566,22.756,7.334,1802.68
Romania,2002,29.488,48.852,19.477,22.173,8.29,2113.6
Romania,2003,29.53,61.06,18.488,23.195,7.838,2672.81
Romania,2004,30.261,82.349,16.643,24.217,8.006,3483.73
Romania,2005,31.611,92.66,14.187,22.931,7.14,4604.45
Romania,2006,32.497,116.05,16.964,27.467,7.172,5740.4
Romania,2007,31.519,147.141,17.773,31.337,6.344,8262.41
Romania,2008,30.667,190.407,21.634,33.093,5.517,10385.85
Romania,2009,29.455,192.782,22.555,27.196,6.277,8517.6
Romania,2010,31.907,202.256,21.803,27.129,6.946,8194.72
Romania,2011,32.487,205.404,23.047,28.126,7.165,9075.96
Romania,2012,32.637,207.921,22.09,27.042,6.794,8491.03
Romania,2013,31.504,215.81,24.525,25.466,7.096,9530.44
Romania,2014,32.001,225.808,24.506,24.77,6.802,10021.54
Romania,2015,32.84,243.426,24.33,25.134,6.812,8942.2
Romania,2016,28.935,239.27,21.826,23.411,5.902,9520.44
Romania,2017,27.96,264.161,20.327,23.427,4.927,10776.67
Romania,2018,29.152,304.302,18.135,22.777,4.187,12361.14
Romania,2019,28.912,354.247,18.837,23.729,3.912,12861.28
Slovenia,2000,43.889,8.962,25.665,28.903,6.742,10259.44
Slovenia,2001,44.261,10.301,26.718,26.674,6.192,10502.32
Slovenia,2002,44.887,11.129,26.37,25.444,6.342,11804.82
Slovenia,2003,44.56,12.078,25.732,26.562,6.7,14873.63
Slovenia,2004,44.686,12.882,26.098,28.798,6.342,17254.83
Slovenia,2005,45.07,13.507,26.66,28.461,6.542,18152.06
Slovenia,2006,44.308,14.331,28.456,30.291,5.992,19723.86
Slovenia,2007,43.361,15.225,28.909,33.047,4.858,23912.49
Slovenia,2008,43.659,17.087,27.567,32.886,4.392,27744.28
Slovenia,2009,43.548,17.896,22.37,23.451,5.892,24854.16
Slovenia,2010,44.576,18.246,21.594,22.362,7.3,23570.18
Slovenia,2011,44.227,18.847,20.854,21.69,8.242,25156.07
Slovenia,2012,45.36,17.893,20.055,18.76,8.917,22674.37
Slovenia,2013,45.689,21.97,22.886,19.586,10.175,23516.59
Slovenia,2014,45.335,19.134,24.471,19.374,9.792,24263.9
Slovenia,2015,45.863,18.925,22.981,19.164,9.025,20898.86
Slovenia,2016,44.244,18.67,23.204,18.427,8.025,21681.28
Slovenia,2017,44.008,18.956,26.248,20.03,6.6,23511.32
Slovenia,2018,44.262,19.963,27.193,21.238,5.158,26217.34
Slovenia,2019,43.723,20.953,26.608,20.62,4.467,26039.1
Spain,2000,37.946,253.353,22.33,26.64,13.857,14761.11
Spain,2001,37.958,269.274,22.084,26.459,10.54,15400.91
Spain,2002,38.321,289.607,22.954,26.684,11.45,17097.92
Spain,2003,38.0,307.871,23.62,27.503,11.485,21501.07
Spain,2004,38.722,333.613,22.803,28.285,10.965,24932.13
Spain,2005,39.713,356.857,22.133,29.387,9.153,26438.03
Spain,2006,40.56,385.827,21.714,30.565,8.453,28414.13
Spain,2007,41.141,422.204,21.01,30.442,8.233,32588.56
Spain,2008,36.87,459.823,19.551,28.455,11.245,35484.39
Spain,2009,34.955,494.355,19.215,23.303,17.855,32131.38
Spain,2010,36.508,493.815,18.648,22.303,19.858,30566.88
Spain,2011,36.415,490.976,17.848,20.572,21.39,31676.69
Spain,2012,37.92,501.688,18.522,18.436,24.788,28344.78
Spain,2013,38.796,467.649,19.254,17.216,26.095,29084.96
Spain,2014,39.199,465.65,19.601,17.902,24.443,29524.76
Spain,2015,38.714,472.962,21.022,18.996,22.058,25764.22
Spain,2016,38.137,472.733,21.929,18.753,19.635,26535.55
Spain,2017,38.174,478.669,22.183,19.411,17.225,28196.76
Spain,2018,39.204,501.63,22.408,20.478,15.255,30423.17
Spain,2019,39.201,523.441,23.026,20.89,14.105,29576.25
Turkey,2000,31.106,67.698,21.292,23.718,5.997,4237.96
Turkey,2001,32.369,108.89,21.366,18.025,7.804,3082.9
Turkey,2002,29.674,148.513,22.322,21.108,9.764,3617.23
Turkey,2003,30.856,181.446,20.683,22.309,9.925,4684.7
Turkey,2004,30.438,201.431,22.312,24.982,9.688,6015.67
Turkey,2005,31.363,218.452,23.648,26.804,9.488,7350.89
Turkey,2006,33.343,270.783,24.627,29.349,9.034,7961.08
Turkey,2007,31.518,296.892,23.924,28.601,9.183,9640.57
Turkey,2008,31.551,342.853,24.629,28.739,10.02,10778.13
Turkey,2009,32.05,381.306,21.904,22.816,13.053,8941.4
Turkey,2010,32.463,418.775,21.771,26.753,11.127,10533.45
Turkey,2011,32.441,465.354,23.016,31.003,9.096,11221.4
Turkey,2012,32.334,540.091,23.351,28.073,8.432,11637.92
Turkey,2013,32.477,618.792,23.898,29.619,9.041,12488.97
Turkey,2014,31.642,679.437,24.893,28.967,9.897,12079.29
Turkey,2015,31.937,780.414,25.218,28.199,10.316,10973.59
Turkey,2016,32.505,915.175,24.98,28.02,10.915,10891.19
Turkey,2017,31.163,1044.95,26.013,30.694,10.918,10628.9
Turkey,2018,30.768,1298.94,27.693,29.377,10.907,9508.0
Turkey,2019,30.059,1540.06,26.052,25.049,13.731,9145.77
United Kingdom,2000,35.443,373.555,16.028,18.342,5.45,28212.73
United Kingdom,2001,35.08,396.673,15.914,18.055,5.1,27727.89
United Kingdom,2002,34.067,426.883,15.872,18.036,5.2,30032.21
United Kingdom,2003,34.066,467.02,15.776,17.575,5.0,34421.36
United Kingdom,2004,35.006,501.431,15.055,17.395,4.75,40252.45
United Kingdom,2005,35.427,537.096,15.581,17.564,4.825,41971.8
United Kingdom,2006,35.623,564.449,15.035,17.895,5.425,44549.73
United Kingdom,2007,35.879,595.594,14.919,18.305,5.35,50467.11
United Kingdom,2008,35.864,651.431,13.458,17.421,5.725,47753.72
United Kingdom,2009,34.551,690.513,11.575,14.907,7.625,38885.08
United Kingdom,2010,35.529,718.86,13.088,16.197,7.9,39579.62
United Kingdom,2011,36.136,724.044,13.944,15.755,8.1,42044.62
United Kingdom,2012,36.081,747.916,12.451,15.949,7.975,42453.47
United Kingdom,2013,36.467,747.209,11.262,16.154,7.575,43444.63
United Kingdom,2014,35.632,766.88,12.51,17.389,6.2,47480.8
United Kingdom,2015,35.75,773.492,12.697,17.72,5.375,45053.49
United Kingdom,2016,36.287,789.14,12.413,17.847,4.875,41177.83
United Kingdom,2017,36.842,812.196,14.397,18.166,4.425,40349.87
United Kingdom,2018,36.779,835.391,14.084,17.765,4.075,43063.74
United Kingdom,2019,36.558,862.293,15.246,18.34,3.825,42416.6
United States,2001,32.263,3470.86,19.553,22.177,4.742,37101.45
United States,2002,29.888,3683.34,18.263,21.723,5.783,37945.76
United States,2003,29.274,3899.59,17.314,21.746,5.992,39405.35
United States,2004,29.479,4119.15,17.626,22.652,5.542,41641.62
United States,2005,30.856,4423.47,18.018,23.376,5.083,44034.26
United States,2006,31.659,4654.17,19.086,23.538,4.608,46216.85
United States,2007,31.652,5001.96,17.302,22.557,4.617,47943.35
United States,2008,30.537,5485.77,14.936,21.037,5.8,48470.55
United States,2009,28.228,5993.62,13.727,17.769,9.283,47102.43
United States,2010,28.776,5983.28,15.201,18.672,9.608,48586.29
United States,2011,29.085,6045.28,16.162,19.034,8.933,50008.11
United States,2012,29.113,6032.29,18.505,19.951,8.075,51736.74
United States,2013,31.296,6037.15,18.934,20.343,7.358,53245.52
United States,2014,31.384,6218.82,20.1,20.778,6.158,55083.51
United States,2015,31.673,6409.39,20.156,21.201,5.275,56729.68
United States,2016,31.249,6652.63,18.907,20.567,4.875,57839.99
United States,2017,30.835,6907.69,19.486,20.79,4.35,59885.71
United States,2018,30.137,7302.63,19.611,21.145,3.892,62769.66
United States,2019,30.08,7653.2,19.446,21.365,3.683,65051.88
